{
	"author": "Jojo modified by DNA",
	"scriptLanguage": "lua",
	"beta": true,
	"all": [
		{
			"saveFilePaths": ["save"],
			"files": "DRAKS\\d+\\.sl2",
			"filetype": "darksouls",
			"startupMessage": "Read the README!",
			"items": [
				{
					"name": "INFO",
					"category": "#README!!!",
					"intArgs": [ ],
					"strArgs": [ ],
					"widget": {
						"type": "comment",
						"comment": "After applying changes, EdiZon seems to be frozen.\nThis happens due to all the checksum calculation.\nJust wait until it finishes."
					}
				},
				{
					"name": "HP",
					"category": "Save 01",
					"intArgs": [4, 4],
					"strArgs": ["0050", "0070"],
					"widget": {
						"type": "int",
						"minValue": 0,
						"maxValue": 999999999
					}
				},
				{
					"name": "Max HP",
					"category": "Save 01",
					"intArgs": [4, 4],
					"strArgs": ["0050", "0078"],
					"widget": {
						"type": "int",
						"minValue": 0,
						"maxValue": 999999999
					}
				},
				{
					"name": "Stamina",
					"category": "Save 01",
					"intArgs": [4, 4],
					"strArgs": ["0050", "008C"],
					"widget": {
						"type": "int",
						"minValue": 0,
						"maxValue": 999999999
					}
				},
				{
					"name": "Max Stamina",
					"category": "Save 01",
					"intArgs": [4, 4],
					"strArgs": ["0050", "0094"],
					"widget": {
						"type": "int",
						"minValue": 0,
						"maxValue": 999999999
					}
				},
				{
					"name": "Vitality",
					"category": "Save 01",
					"intArgs": [4, 4],
					"strArgs": ["0050", "009C"],
					"widget": {
						"type": "int",
						"minValue": 0,
						"maxValue": 999999999
					}
				},
				{
					"name": "Attunement",
					"category": "Save 01",
					"intArgs": [4, 4],
					"strArgs": ["0050", "00A4"],
					"widget": {
						"type": "int",
						"minValue": 0,
						"maxValue": 999999999
					}
				},
				{
					"name": "Endurance",
					"category": "Save 01",
					"intArgs": [4, 4],
					"strArgs": ["0050", "00AC"],
					"widget": {
						"type": "int",
						"minValue": 0,
						"maxValue": 999999999
					}
				},
				{
					"name": "Strength",
					"category": "Save 01",
					"intArgs": [4, 4],
					"strArgs": ["0050", "00B4"],
					"widget": {
						"type": "int",
						"minValue": 0,
						"maxValue": 999999999
					}
				},
				{
					"name": "Dexterity",
					"category": "Save 01",
					"intArgs": [4, 4],
					"strArgs": ["0050", "00BC"],
					"widget": {
						"type": "int",
						"minValue": 0,
						"maxValue": 999999999
					}
				},
				{
					"name": "Intelligence",
					"category": "Save 01",
					"intArgs": [4, 4],
					"strArgs": ["0050", "00C4"],
					"widget": {
						"type": "int",
						"minValue": 0,
						"maxValue": 999999999
					}
				},
				{
					"name": "Faith",
					"category": "Save 01",
					"intArgs": [4, 4],
					"strArgs": ["0050", "00CC"],
					"widget": {
						"type": "int",
						"minValue": 0,
						"maxValue": 999999999
					}
				},
				{
					"name": "Resistance",
					"category": "Save 01",
					"intArgs": [4, 4],
					"strArgs": ["0050", "00E4"],
					"widget": {
						"type": "int",
						"minValue": 0,
						"maxValue": 999999999
					}
				},
				{
					"name": "Level",
					"category": "Save 01",
					"intArgs": [4, 4],
					"strArgs": ["0050", "00EC"],
					"widget": {
						"type": "int",
						"minValue": 0,
						"maxValue": 999999999
					}
				},
				{
					"name": "Souls",
					"category": "Save 01",
					"intArgs": [4, 4],
					"strArgs": ["0050", "00F0"],
					"widget": {
						"type": "int",
						"minValue": 0,
						"maxValue": 999999999
					}
				},
				{
					"name": "HP",
					"category": "Save 02",
					"intArgs": [4, 4],
					"strArgs": ["0070", "0070"],
					"widget": {
						"type": "int",
						"minValue": 0,
						"maxValue": 999999999
					}
				},
				{
					"name": "Max HP",
					"category": "Save 02",
					"intArgs": [4, 4],
					"strArgs": ["0070", "0078"],
					"widget": {
						"type": "int",
						"minValue": 0,
						"maxValue": 999999999
					}
				},
				{
					"name": "Stamina",
					"category": "Save 02",
					"intArgs": [4, 4],
					"strArgs": ["0070", "008C"],
					"widget": {
						"type": "int",
						"minValue": 0,
						"maxValue": 999999999
					}
				},
				{
					"name": "Max Stamina",
					"category": "Save 02",
					"intArgs": [4, 4],
					"strArgs": ["0070", "0094"],
					"widget": {
						"type": "int",
						"minValue": 0,
						"maxValue": 999999999
					}
				},
				{
					"name": "Vitality",
					"category": "Save 02",
					"intArgs": [4, 4],
					"strArgs": ["0070", "009C"],
					"widget": {
						"type": "int",
						"minValue": 0,
						"maxValue": 999999999
					}
				},
				{
					"name": "Attunement",
					"category": "Save 02",
					"intArgs": [4, 4],
					"strArgs": ["0070", "00A4"],
					"widget": {
						"type": "int",
						"minValue": 0,
						"maxValue": 999999999
					}
				},
				{
					"name": "Endurance",
					"category": "Save 02",
					"intArgs": [4, 4],
					"strArgs": ["0070", "00AC"],
					"widget": {
						"type": "int",
						"minValue": 0,
						"maxValue": 999999999
					}
				},
				{
					"name": "Strength",
					"category": "Save 02",
					"intArgs": [4, 4],
					"strArgs": ["0070", "00B4"],
					"widget": {
						"type": "int",
						"minValue": 0,
						"maxValue": 999999999
					}
				},
				{
					"name": "Dexterity",
					"category": "Save 02",
					"intArgs": [4, 4],
					"strArgs": ["0070", "00BC"],
					"widget": {
						"type": "int",
						"minValue": 0,
						"maxValue": 999999999
					}
				},
				{
					"name": "Intelligence",
					"category": "Save 02",
					"intArgs": [4, 4],
					"strArgs": ["0070", "00C4"],
					"widget": {
						"type": "int",
						"minValue": 0,
						"maxValue": 999999999
					}
				},
				{
					"name": "Faith",
					"category": "Save 02",
					"intArgs": [4, 4],
					"strArgs": ["0070", "00CC"],
					"widget": {
						"type": "int",
						"minValue": 0,
						"maxValue": 999999999
					}
				},
				{
					"name": "Resistance",
					"category": "Save 02",
					"intArgs": [4, 4],
					"strArgs": ["0070", "00E4"],
					"widget": {
						"type": "int",
						"minValue": 0,
						"maxValue": 999999999
					}
				},
				{
					"name": "Level",
					"category": "Save 02",
					"intArgs": [4, 4],
					"strArgs": ["0070", "00EC"],
					"widget": {
						"type": "int",
						"minValue": 0,
						"maxValue": 999999999
					}
				},
				{
					"name": "Souls",
					"category": "Save 02",
					"intArgs": [4, 4],
					"strArgs": ["0070", "00F0"],
					"widget": {
						"type": "int",
						"minValue": 0,
						"maxValue": 999999999
					}
				},
				{
					"name": "HP",
					"category": "Save 03",
					"intArgs": [4, 4],
					"strArgs": ["0090", "0070"],
					"widget": {
						"type": "int",
						"minValue": 0,
						"maxValue": 999999999
					}
				},
				{
					"name": "Max HP",
					"category": "Save 03",
					"intArgs": [4, 4],
					"strArgs": ["0090", "0078"],
					"widget": {
						"type": "int",
						"minValue": 0,
						"maxValue": 999999999
					}
				},
				{
					"name": "Stamina",
					"category": "Save 03",
					"intArgs": [4, 4],
					"strArgs": ["0090", "008C"],
					"widget": {
						"type": "int",
						"minValue": 0,
						"maxValue": 999999999
					}
				},
				{
					"name": "Max Stamina",
					"category": "Save 03",
					"intArgs": [4, 4],
					"strArgs": ["0090", "0094"],
					"widget": {
						"type": "int",
						"minValue": 0,
						"maxValue": 999999999
					}
				},
				{
					"name": "Vitality",
					"category": "Save 03",
					"intArgs": [4, 4],
					"strArgs": ["0090", "009C"],
					"widget": {
						"type": "int",
						"minValue": 0,
						"maxValue": 999999999
					}
				},
				{
					"name": "Attunement",
					"category": "Save 03",
					"intArgs": [4, 4],
					"strArgs": ["0090", "00A4"],
					"widget": {
						"type": "int",
						"minValue": 0,
						"maxValue": 999999999
					}
				},
				{
					"name": "Endurance",
					"category": "Save 03",
					"intArgs": [4, 4],
					"strArgs": ["0090", "00AC"],
					"widget": {
						"type": "int",
						"minValue": 0,
						"maxValue": 999999999
					}
				},
				{
					"name": "Strength",
					"category": "Save 03",
					"intArgs": [4, 4],
					"strArgs": ["0090", "00B4"],
					"widget": {
						"type": "int",
						"minValue": 0,
						"maxValue": 999999999
					}
				},
				{
					"name": "Dexterity",
					"category": "Save 03",
					"intArgs": [4, 4],
					"strArgs": ["0090", "00BC"],
					"widget": {
						"type": "int",
						"minValue": 0,
						"maxValue": 999999999
					}
				},
				{
					"name": "Intelligence",
					"category": "Save 03",
					"intArgs": [4, 4],
					"strArgs": ["0090", "00C4"],
					"widget": {
						"type": "int",
						"minValue": 0,
						"maxValue": 999999999
					}
				},
				{
					"name": "Faith",
					"category": "Save 03",
					"intArgs": [4, 4],
					"strArgs": ["0090", "00CC"],
					"widget": {
						"type": "int",
						"minValue": 0,
						"maxValue": 999999999
					}
				},
				{
					"name": "Resistance",
					"category": "Save 03",
					"intArgs": [4, 4],
					"strArgs": ["0090", "00E4"],
					"widget": {
						"type": "int",
						"minValue": 0,
						"maxValue": 999999999
					}
				},
				{
					"name": "Level",
					"category": "Save 03",
					"intArgs": [4, 4],
					"strArgs": ["0090", "00EC"],
					"widget": {
						"type": "int",
						"minValue": 0,
						"maxValue": 999999999
					}
				},
				{
					"name": "Souls",
					"category": "Save 03",
					"intArgs": [4, 4],
					"strArgs": ["0090", "00F0"],
					"widget": {
						"type": "int",
						"minValue": 0,
						"maxValue": 999999999
					}
				},
				{
					"name": "HP",
					"category": "Save 04",
					"intArgs": [4, 4],
					"strArgs": ["00B0", "0070"],
					"widget": {
						"type": "int",
						"minValue": 0,
						"maxValue": 999999999
					}
				},
				{
					"name": "Max HP",
					"category": "Save 04",
					"intArgs": [4, 4],
					"strArgs": ["00B0", "0078"],
					"widget": {
						"type": "int",
						"minValue": 0,
						"maxValue": 999999999
					}
				},
				{
					"name": "Stamina",
					"category": "Save 04",
					"intArgs": [4, 4],
					"strArgs": ["00B0", "008C"],
					"widget": {
						"type": "int",
						"minValue": 0,
						"maxValue": 999999999
					}
				},
				{
					"name": "Max Stamina",
					"category": "Save 04",
					"intArgs": [4, 4],
					"strArgs": ["00B0", "0094"],
					"widget": {
						"type": "int",
						"minValue": 0,
						"maxValue": 999999999
					}
				},
				{
					"name": "Vitality",
					"category": "Save 04",
					"intArgs": [4, 4],
					"strArgs": ["00B0", "009C"],
					"widget": {
						"type": "int",
						"minValue": 0,
						"maxValue": 999999999
					}
				},
				{
					"name": "Attunement",
					"category": "Save 04",
					"intArgs": [4, 4],
					"strArgs": ["00B0", "00A4"],
					"widget": {
						"type": "int",
						"minValue": 0,
						"maxValue": 999999999
					}
				},
				{
					"name": "Endurance",
					"category": "Save 04",
					"intArgs": [4, 4],
					"strArgs": ["00B0", "00AC"],
					"widget": {
						"type": "int",
						"minValue": 0,
						"maxValue": 999999999
					}
				},
				{
					"name": "Strength",
					"category": "Save 04",
					"intArgs": [4, 4],
					"strArgs": ["00B0", "00B4"],
					"widget": {
						"type": "int",
						"minValue": 0,
						"maxValue": 999999999
					}
				},
				{
					"name": "Dexterity",
					"category": "Save 04",
					"intArgs": [4, 4],
					"strArgs": ["00B0", "00BC"],
					"widget": {
						"type": "int",
						"minValue": 0,
						"maxValue": 999999999
					}
				},
				{
					"name": "Intelligence",
					"category": "Save 04",
					"intArgs": [4, 4],
					"strArgs": ["00B0", "00C4"],
					"widget": {
						"type": "int",
						"minValue": 0,
						"maxValue": 999999999
					}
				},
				{
					"name": "Faith",
					"category": "Save 04",
					"intArgs": [4, 4],
					"strArgs": ["00B0", "00CC"],
					"widget": {
						"type": "int",
						"minValue": 0,
						"maxValue": 999999999
					}
				},
				{
					"name": "Resistance",
					"category": "Save 04",
					"intArgs": [4, 4],
					"strArgs": ["00B0", "00E4"],
					"widget": {
						"type": "int",
						"minValue": 0,
						"maxValue": 999999999
					}
				},
				{
					"name": "Level",
					"category": "Save 04",
					"intArgs": [4, 4],
					"strArgs": ["00B0", "00EC"],
					"widget": {
						"type": "int",
						"minValue": 0,
						"maxValue": 999999999
					}
				},
				{
					"name": "Souls",
					"category": "Save 04",
					"intArgs": [4, 4],
					"strArgs": ["00B0", "00F0"],
					"widget": {
						"type": "int",
						"minValue": 0,
						"maxValue": 999999999
					}
				},
				{
					"name": "HP",
					"category": "Save 05",
					"intArgs": [4, 4],
					"strArgs": ["00D0", "0070"],
					"widget": {
						"type": "int",
						"minValue": 0,
						"maxValue": 999999999
					}
				},
				{
					"name": "Max HP",
					"category": "Save 05",
					"intArgs": [4, 4],
					"strArgs": ["00D0", "0078"],
					"widget": {
						"type": "int",
						"minValue": 0,
						"maxValue": 999999999
					}
				},
				{
					"name": "Stamina",
					"category": "Save 05",
					"intArgs": [4, 4],
					"strArgs": ["00D0", "008C"],
					"widget": {
						"type": "int",
						"minValue": 0,
						"maxValue": 999999999
					}
				},
				{
					"name": "Max Stamina",
					"category": "Save 05",
					"intArgs": [4, 4],
					"strArgs": ["00D0", "0094"],
					"widget": {
						"type": "int",
						"minValue": 0,
						"maxValue": 999999999
					}
				},
				{
					"name": "Vitality",
					"category": "Save 05",
					"intArgs": [4, 4],
					"strArgs": ["00D0", "009C"],
					"widget": {
						"type": "int",
						"minValue": 0,
						"maxValue": 999999999
					}
				},
				{
					"name": "Attunement",
					"category": "Save 05",
					"intArgs": [4, 4],
					"strArgs": ["00D0", "00A4"],
					"widget": {
						"type": "int",
						"minValue": 0,
						"maxValue": 999999999
					}
				},
				{
					"name": "Endurance",
					"category": "Save 05",
					"intArgs": [4, 4],
					"strArgs": ["00D0", "00AC"],
					"widget": {
						"type": "int",
						"minValue": 0,
						"maxValue": 999999999
					}
				},
				{
					"name": "Strength",
					"category": "Save 05",
					"intArgs": [4, 4],
					"strArgs": ["00D0", "00B4"],
					"widget": {
						"type": "int",
						"minValue": 0,
						"maxValue": 999999999
					}
				},
				{
					"name": "Dexterity",
					"category": "Save 05",
					"intArgs": [4, 4],
					"strArgs": ["00D0", "00BC"],
					"widget": {
						"type": "int",
						"minValue": 0,
						"maxValue": 999999999
					}
				},
				{
					"name": "Intelligence",
					"category": "Save 05",
					"intArgs": [4, 4],
					"strArgs": ["00D0", "00C4"],
					"widget": {
						"type": "int",
						"minValue": 0,
						"maxValue": 999999999
					}
				},
				{
					"name": "Faith",
					"category": "Save 05",
					"intArgs": [4, 4],
					"strArgs": ["00D0", "00CC"],
					"widget": {
						"type": "int",
						"minValue": 0,
						"maxValue": 999999999
					}
				},
				{
					"name": "Resistance",
					"category": "Save 05",
					"intArgs": [4, 4],
					"strArgs": ["00D0", "00E4"],
					"widget": {
						"type": "int",
						"minValue": 0,
						"maxValue": 999999999
					}
				},
				{
					"name": "Level",
					"category": "Save 05",
					"intArgs": [4, 4],
					"strArgs": ["00D0", "00EC"],
					"widget": {
						"type": "int",
						"minValue": 0,
						"maxValue": 999999999
					}
				},
				{
					"name": "Souls",
					"category": "Save 05",
					"intArgs": [4, 4],
					"strArgs": ["00D0", "00F0"],
					"widget": {
						"type": "int",
						"minValue": 0,
						"maxValue": 999999999
					}
				},
				{
					"name": "HP",
					"category": "Save 06",
					"intArgs": [4, 4],
					"strArgs": ["00F0", "0070"],
					"widget": {
						"type": "int",
						"minValue": 0,
						"maxValue": 999999999
					}
				},
				{
					"name": "Max HP",
					"category": "Save 06",
					"intArgs": [4, 4],
					"strArgs": ["00F0", "0078"],
					"widget": {
						"type": "int",
						"minValue": 0,
						"maxValue": 999999999
					}
				},
				{
					"name": "Stamina",
					"category": "Save 06",
					"intArgs": [4, 4],
					"strArgs": ["00F0", "008C"],
					"widget": {
						"type": "int",
						"minValue": 0,
						"maxValue": 999999999
					}
				},
				{
					"name": "Max Stamina",
					"category": "Save 06",
					"intArgs": [4, 4],
					"strArgs": ["00F0", "0094"],
					"widget": {
						"type": "int",
						"minValue": 0,
						"maxValue": 999999999
					}
				},
				{
					"name": "Vitality",
					"category": "Save 06",
					"intArgs": [4, 4],
					"strArgs": ["00F0", "009C"],
					"widget": {
						"type": "int",
						"minValue": 0,
						"maxValue": 999999999
					}
				},
				{
					"name": "Attunement",
					"category": "Save 06",
					"intArgs": [4, 4],
					"strArgs": ["00F0", "00A4"],
					"widget": {
						"type": "int",
						"minValue": 0,
						"maxValue": 999999999
					}
				},
				{
					"name": "Endurance",
					"category": "Save 06",
					"intArgs": [4, 4],
					"strArgs": ["00F0", "00AC"],
					"widget": {
						"type": "int",
						"minValue": 0,
						"maxValue": 999999999
					}
				},
				{
					"name": "Strength",
					"category": "Save 06",
					"intArgs": [4, 4],
					"strArgs": ["00F0", "00B4"],
					"widget": {
						"type": "int",
						"minValue": 0,
						"maxValue": 999999999
					}
				},
				{
					"name": "Dexterity",
					"category": "Save 06",
					"intArgs": [4, 4],
					"strArgs": ["00F0", "00BC"],
					"widget": {
						"type": "int",
						"minValue": 0,
						"maxValue": 999999999
					}
				},
				{
					"name": "Intelligence",
					"category": "Save 06",
					"intArgs": [4, 4],
					"strArgs": ["00F0", "00C4"],
					"widget": {
						"type": "int",
						"minValue": 0,
						"maxValue": 999999999
					}
				},
				{
					"name": "Faith",
					"category": "Save 06",
					"intArgs": [4, 4],
					"strArgs": ["00F0", "00CC"],
					"widget": {
						"type": "int",
						"minValue": 0,
						"maxValue": 999999999
					}
				},
				{
					"name": "Resistance",
					"category": "Save 06",
					"intArgs": [4, 4],
					"strArgs": ["00F0", "00E4"],
					"widget": {
						"type": "int",
						"minValue": 0,
						"maxValue": 999999999
					}
				},
				{
					"name": "Level",
					"category": "Save 06",
					"intArgs": [4, 4],
					"strArgs": ["00F0", "00EC"],
					"widget": {
						"type": "int",
						"minValue": 0,
						"maxValue": 999999999
					}
				},
				{
					"name": "Souls",
					"category": "Save 06",
					"intArgs": [4, 4],
					"strArgs": ["00F0", "00F0"],
					"widget": {
						"type": "int",
						"minValue": 0,
						"maxValue": 999999999
					}
				},
				{
					"name": "HP",
					"category": "Save 07",
					"intArgs": [4, 4],
					"strArgs": ["0110", "0070"],
					"widget": {
						"type": "int",
						"minValue": 0,
						"maxValue": 999999999
					}
				},
				{
					"name": "Max HP",
					"category": "Save 07",
					"intArgs": [4, 4],
					"strArgs": ["0110", "0078"],
					"widget": {
						"type": "int",
						"minValue": 0,
						"maxValue": 999999999
					}
				},
				{
					"name": "Stamina",
					"category": "Save 07",
					"intArgs": [4, 4],
					"strArgs": ["0110", "008C"],
					"widget": {
						"type": "int",
						"minValue": 0,
						"maxValue": 999999999
					}
				},
				{
					"name": "Max Stamina",
					"category": "Save 07",
					"intArgs": [4, 4],
					"strArgs": ["0110", "0094"],
					"widget": {
						"type": "int",
						"minValue": 0,
						"maxValue": 999999999
					}
				},
				{
					"name": "Vitality",
					"category": "Save 07",
					"intArgs": [4, 4],
					"strArgs": ["0110", "009C"],
					"widget": {
						"type": "int",
						"minValue": 0,
						"maxValue": 999999999
					}
				},
				{
					"name": "Attunement",
					"category": "Save 07",
					"intArgs": [4, 4],
					"strArgs": ["0110", "00A4"],
					"widget": {
						"type": "int",
						"minValue": 0,
						"maxValue": 999999999
					}
				},
				{
					"name": "Endurance",
					"category": "Save 07",
					"intArgs": [4, 4],
					"strArgs": ["0110", "00AC"],
					"widget": {
						"type": "int",
						"minValue": 0,
						"maxValue": 999999999
					}
				},
				{
					"name": "Strength",
					"category": "Save 07",
					"intArgs": [4, 4],
					"strArgs": ["0110", "00B4"],
					"widget": {
						"type": "int",
						"minValue": 0,
						"maxValue": 999999999
					}
				},
				{
					"name": "Dexterity",
					"category": "Save 07",
					"intArgs": [4, 4],
					"strArgs": ["0110", "00BC"],
					"widget": {
						"type": "int",
						"minValue": 0,
						"maxValue": 999999999
					}
				},
				{
					"name": "Intelligence",
					"category": "Save 07",
					"intArgs": [4, 4],
					"strArgs": ["0110", "00C4"],
					"widget": {
						"type": "int",
						"minValue": 0,
						"maxValue": 999999999
					}
				},
				{
					"name": "Faith",
					"category": "Save 07",
					"intArgs": [4, 4],
					"strArgs": ["0110", "00CC"],
					"widget": {
						"type": "int",
						"minValue": 0,
						"maxValue": 999999999
					}
				},
				{
					"name": "Resistance",
					"category": "Save 07",
					"intArgs": [4, 4],
					"strArgs": ["0110", "00E4"],
					"widget": {
						"type": "int",
						"minValue": 0,
						"maxValue": 999999999
					}
				},
				{
					"name": "Level",
					"category": "Save 07",
					"intArgs": [4, 4],
					"strArgs": ["0110", "00EC"],
					"widget": {
						"type": "int",
						"minValue": 0,
						"maxValue": 999999999
					}
				},
				{
					"name": "Souls",
					"category": "Save 07",
					"intArgs": [4, 4],
					"strArgs": ["0110", "00F0"],
					"widget": {
						"type": "int",
						"minValue": 0,
						"maxValue": 999999999
					}
				},
				{
					"name": "HP",
					"category": "Save 08",
					"intArgs": [4, 4],
					"strArgs": ["0130", "0070"],
					"widget": {
						"type": "int",
						"minValue": 0,
						"maxValue": 999999999
					}
				},
				{
					"name": "Max HP",
					"category": "Save 08",
					"intArgs": [4, 4],
					"strArgs": ["0130", "0078"],
					"widget": {
						"type": "int",
						"minValue": 0,
						"maxValue": 999999999
					}
				},
				{
					"name": "Stamina",
					"category": "Save 08",
					"intArgs": [4, 4],
					"strArgs": ["0130", "008C"],
					"widget": {
						"type": "int",
						"minValue": 0,
						"maxValue": 999999999
					}
				},
				{
					"name": "Max Stamina",
					"category": "Save 08",
					"intArgs": [4, 4],
					"strArgs": ["0130", "0094"],
					"widget": {
						"type": "int",
						"minValue": 0,
						"maxValue": 999999999
					}
				},
				{
					"name": "Vitality",
					"category": "Save 08",
					"intArgs": [4, 4],
					"strArgs": ["0130", "009C"],
					"widget": {
						"type": "int",
						"minValue": 0,
						"maxValue": 999999999
					}
				},
				{
					"name": "Attunement",
					"category": "Save 08",
					"intArgs": [4, 4],
					"strArgs": ["0130", "00A4"],
					"widget": {
						"type": "int",
						"minValue": 0,
						"maxValue": 999999999
					}
				},
				{
					"name": "Endurance",
					"category": "Save 08",
					"intArgs": [4, 4],
					"strArgs": ["0130", "00AC"],
					"widget": {
						"type": "int",
						"minValue": 0,
						"maxValue": 999999999
					}
				},
				{
					"name": "Strength",
					"category": "Save 08",
					"intArgs": [4, 4],
					"strArgs": ["0130", "00B4"],
					"widget": {
						"type": "int",
						"minValue": 0,
						"maxValue": 999999999
					}
				},
				{
					"name": "Dexterity",
					"category": "Save 08",
					"intArgs": [4, 4],
					"strArgs": ["0130", "00BC"],
					"widget": {
						"type": "int",
						"minValue": 0,
						"maxValue": 999999999
					}
				},
				{
					"name": "Intelligence",
					"category": "Save 08",
					"intArgs": [4, 4],
					"strArgs": ["0130", "00C4"],
					"widget": {
						"type": "int",
						"minValue": 0,
						"maxValue": 999999999
					}
				},
				{
					"name": "Faith",
					"category": "Save 08",
					"intArgs": [4, 4],
					"strArgs": ["0130", "00CC"],
					"widget": {
						"type": "int",
						"minValue": 0,
						"maxValue": 999999999
					}
				},
				{
					"name": "Resistance",
					"category": "Save 08",
					"intArgs": [4, 4],
					"strArgs": ["0130", "00E4"],
					"widget": {
						"type": "int",
						"minValue": 0,
						"maxValue": 999999999
					}
				},
				{
					"name": "Level",
					"category": "Save 08",
					"intArgs": [4, 4],
					"strArgs": ["0130", "00EC"],
					"widget": {
						"type": "int",
						"minValue": 0,
						"maxValue": 999999999
					}
				},
				{
					"name": "Souls",
					"category": "Save 08",
					"intArgs": [4, 4],
					"strArgs": ["0130", "00F0"],
					"widget": {
						"type": "int",
						"minValue": 0,
						"maxValue": 999999999
					}
				},
				{
					"name": "HP",
					"category": "Save 09",
					"intArgs": [4, 4],
					"strArgs": ["0150", "0070"],
					"widget": {
						"type": "int",
						"minValue": 0,
						"maxValue": 999999999
					}
				},
				{
					"name": "Max HP",
					"category": "Save 09",
					"intArgs": [4, 4],
					"strArgs": ["0150", "0078"],
					"widget": {
						"type": "int",
						"minValue": 0,
						"maxValue": 999999999
					}
				},
				{
					"name": "Stamina",
					"category": "Save 09",
					"intArgs": [4, 4],
					"strArgs": ["0150", "008C"],
					"widget": {
						"type": "int",
						"minValue": 0,
						"maxValue": 999999999
					}
				},
				{
					"name": "Max Stamina",
					"category": "Save 09",
					"intArgs": [4, 4],
					"strArgs": ["0150", "0094"],
					"widget": {
						"type": "int",
						"minValue": 0,
						"maxValue": 999999999
					}
				},
				{
					"name": "Vitality",
					"category": "Save 09",
					"intArgs": [4, 4],
					"strArgs": ["0150", "009C"],
					"widget": {
						"type": "int",
						"minValue": 0,
						"maxValue": 999999999
					}
				},
				{
					"name": "Attunement",
					"category": "Save 09",
					"intArgs": [4, 4],
					"strArgs": ["0150", "00A4"],
					"widget": {
						"type": "int",
						"minValue": 0,
						"maxValue": 999999999
					}
				},
				{
					"name": "Endurance",
					"category": "Save 09",
					"intArgs": [4, 4],
					"strArgs": ["0150", "00AC"],
					"widget": {
						"type": "int",
						"minValue": 0,
						"maxValue": 999999999
					}
				},
				{
					"name": "Strength",
					"category": "Save 09",
					"intArgs": [4, 4],
					"strArgs": ["0150", "00B4"],
					"widget": {
						"type": "int",
						"minValue": 0,
						"maxValue": 999999999
					}
				},
				{
					"name": "Dexterity",
					"category": "Save 09",
					"intArgs": [4, 4],
					"strArgs": ["0150", "00BC"],
					"widget": {
						"type": "int",
						"minValue": 0,
						"maxValue": 999999999
					}
				},
				{
					"name": "Intelligence",
					"category": "Save 09",
					"intArgs": [4, 4],
					"strArgs": ["0150", "00C4"],
					"widget": {
						"type": "int",
						"minValue": 0,
						"maxValue": 999999999
					}
				},
				{
					"name": "Faith",
					"category": "Save 09",
					"intArgs": [4, 4],
					"strArgs": ["0150", "00CC"],
					"widget": {
						"type": "int",
						"minValue": 0,
						"maxValue": 999999999
					}
				},
				{
					"name": "Resistance",
					"category": "Save 09",
					"intArgs": [4, 4],
					"strArgs": ["0150", "00E4"],
					"widget": {
						"type": "int",
						"minValue": 0,
						"maxValue": 999999999
					}
				},
				{
					"name": "Level",
					"category": "Save 09",
					"intArgs": [4, 4],
					"strArgs": ["0150", "00EC"],
					"widget": {
						"type": "int",
						"minValue": 0,
						"maxValue": 999999999
					}
				},
				{
					"name": "Souls",
					"category": "Save 09",
					"intArgs": [4, 4],
					"strArgs": ["0150", "00F0"],
					"widget": {
						"type": "int",
						"minValue": 0,
						"maxValue": 999999999
					}
				},
				{
					"name": "HP",
					"category": "Save 10",
					"intArgs": [4, 4],
					"strArgs": ["0170", "0070"],
					"widget": {
						"type": "int",
						"minValue": 0,
						"maxValue": 999999999
					}
				},
				{
					"name": "Max HP",
					"category": "Save 10",
					"intArgs": [4, 4],
					"strArgs": ["0170", "0078"],
					"widget": {
						"type": "int",
						"minValue": 0,
						"maxValue": 999999999
					}
				},
				{
					"name": "Stamina",
					"category": "Save 10",
					"intArgs": [4, 4],
					"strArgs": ["0170", "008C"],
					"widget": {
						"type": "int",
						"minValue": 0,
						"maxValue": 999999999
					}
				},
				{
					"name": "Max Stamina",
					"category": "Save 10",
					"intArgs": [4, 4],
					"strArgs": ["0170", "0094"],
					"widget": {
						"type": "int",
						"minValue": 0,
						"maxValue": 999999999
					}
				},
				{
					"name": "Vitality",
					"category": "Save 10",
					"intArgs": [4, 4],
					"strArgs": ["0170", "009C"],
					"widget": {
						"type": "int",
						"minValue": 0,
						"maxValue": 999999999
					}
				},
				{
					"name": "Attunement",
					"category": "Save 10",
					"intArgs": [4, 4],
					"strArgs": ["0170", "00A4"],
					"widget": {
						"type": "int",
						"minValue": 0,
						"maxValue": 999999999
					}
				},
				{
					"name": "Endurance",
					"category": "Save 10",
					"intArgs": [4, 4],
					"strArgs": ["0170", "00AC"],
					"widget": {
						"type": "int",
						"minValue": 0,
						"maxValue": 999999999
					}
				},
				{
					"name": "Strength",
					"category": "Save 10",
					"intArgs": [4, 4],
					"strArgs": ["0170", "00B4"],
					"widget": {
						"type": "int",
						"minValue": 0,
						"maxValue": 999999999
					}
				},
				{
					"name": "Dexterity",
					"category": "Save 10",
					"intArgs": [4, 4],
					"strArgs": ["0170", "00BC"],
					"widget": {
						"type": "int",
						"minValue": 0,
						"maxValue": 999999999
					}
				},
				{
					"name": "Intelligence",
					"category": "Save 10",
					"intArgs": [4, 4],
					"strArgs": ["0170", "00C4"],
					"widget": {
						"type": "int",
						"minValue": 0,
						"maxValue": 999999999
					}
				},
				{
					"name": "Faith",
					"category": "Save 10",
					"intArgs": [4, 4],
					"strArgs": ["0170", "00CC"],
					"widget": {
						"type": "int",
						"minValue": 0,
						"maxValue": 999999999
					}
				},
				{
					"name": "Resistance",
					"category": "Save 10",
					"intArgs": [4, 4],
					"strArgs": ["0170", "00E4"],
					"widget": {
						"type": "int",
						"minValue": 0,
						"maxValue": 999999999
					}
				},
				{
					"name": "Level",
					"category": "Save 10",
					"intArgs": [4, 4],
					"strArgs": ["0170", "00EC"],
					"widget": {
						"type": "int",
						"minValue": 0,
						"maxValue": 999999999
					}
				},
				{
					"name": "Souls",
					"category": "Save 10",
					"intArgs": [4, 4],
					"strArgs": ["0170", "00F0"],
					"widget": {
						"type": "int",
						"minValue": 0,
						"maxValue": 999999999
					}
				}
			]
		},
		{
			"saveFilePaths": [""],
			"files": "lang",
			"filetype": "bin",
			"items": [
				{
					"name": "Fix menu controls (\uE0E0 Confirm/\uE0E1 Cancel)",
					"category": "Controls",
					"intArgs": [0, 2],
					"strArgs": ["0000", "26"],
					"widget": {
						"type": "bool",
						"onValue": 11050,
						"offValue": 10795
					}
				}
			]
		}
	]
}
